vv,vh,dem,pwater,label,water_percent
data\chips\VV\003_11.tif,data\chips\VH\003_11.tif,data\dem\003_11.tif,data\pwater\003_11.tif,data\labels\003_11.tif,80.517578125
data\chips\VV\005_00.tif,data\chips\VH\005_00.tif,data\dem\005_00.tif,data\pwater\005_00.tif,data\labels\005_00.tif,51.275634765625
data\chips\VV\005_01.tif,data\chips\VH\005_01.tif,data\dem\005_01.tif,data\pwater\005_01.tif,data\labels\005_01.tif,49.21112060546875
data\chips\VV\005_10.tif,data\chips\VH\005_10.tif,data\dem\005_10.tif,data\pwater\005_10.tif,data\labels\005_10.tif,61.3250732421875
data\chips\VV\015_00.tif,data\chips\VH\015_00.tif,data\dem\015_00.tif,data\pwater\015_00.tif,data\labels\015_00.tif,55.40313720703125
data\chips\VV\015_01.tif,data\chips\VH\015_01.tif,data\dem\015_01.tif,data\pwater\015_01.tif,data\labels\015_01.tif,52.81524658203125
data\chips\VV\015_10.tif,data\chips\VH\015_10.tif,data\dem\015_10.tif,data\pwater\015_10.tif,data\labels\015_10.tif,47.607421875
data\chips\VV\015_11.tif,data\chips\VH\015_11.tif,data\dem\015_11.tif,data\pwater\015_11.tif,data\labels\015_11.tif,55.01708984375
data\chips\VV\016_01.tif,data\chips\VH\016_01.tif,data\dem\016_01.tif,data\pwater\016_01.tif,data\labels\016_01.tif,51.61895751953125
data\chips\VV\019_01.tif,data\chips\VH\019_01.tif,data\dem\019_01.tif,data\pwater\019_01.tif,data\labels\019_01.tif,97.69744873046876
data\chips\VV\019_10.tif,data\chips\VH\019_10.tif,data\dem\019_10.tif,data\pwater\019_10.tif,data\labels\019_10.tif,60.6689453125
data\chips\VV\019_11.tif,data\chips\VH\019_11.tif,data\dem\019_11.tif,data\pwater\019_11.tif,data\labels\019_11.tif,33.831787109375
data\chips\VV\024_00.tif,data\chips\VH\024_00.tif,data\dem\024_00.tif,data\pwater\024_00.tif,data\labels\024_00.tif,32.80792236328125
data\chips\VV\028_10.tif,data\chips\VH\028_10.tif,data\dem\028_10.tif,data\pwater\028_10.tif,data\labels\028_10.tif,34.5916748046875
data\chips\VV\028_11.tif,data\chips\VH\028_11.tif,data\dem\028_11.tif,data\pwater\028_11.tif,data\labels\028_11.tif,31.1553955078125
data\chips\VV\029_10.tif,data\chips\VH\029_10.tif,data\dem\029_10.tif,data\pwater\029_10.tif,data\labels\029_10.tif,54.5623779296875
data\chips\VV\030_00.tif,data\chips\VH\030_00.tif,data\dem\030_00.tif,data\pwater\030_00.tif,data\labels\030_00.tif,84.78546142578125
data\chips\VV\030_01.tif,data\chips\VH\030_01.tif,data\dem\030_01.tif,data\pwater\030_01.tif,data\labels\030_01.tif,49.0692138671875
data\chips\VV\031_00.tif,data\chips\VH\031_00.tif,data\dem\031_00.tif,data\pwater\031_00.tif,data\labels\031_00.tif,38.56201171875
data\chips\VV\035_00.tif,data\chips\VH\035_00.tif,data\dem\035_00.tif,data\pwater\035_00.tif,data\labels\035_00.tif,58.3465576171875
data\chips\VV\035_01.tif,data\chips\VH\035_01.tif,data\dem\035_01.tif,data\pwater\035_01.tif,data\labels\035_01.tif,52.54058837890625
data\chips\VV\035_10.tif,data\chips\VH\035_10.tif,data\dem\035_10.tif,data\pwater\035_10.tif,data\labels\035_10.tif,44.1436767578125
data\chips\VV\035_11.tif,data\chips\VH\035_11.tif,data\dem\035_11.tif,data\pwater\035_11.tif,data\labels\035_11.tif,45.66497802734375
data\chips\VV\037_00.tif,data\chips\VH\037_00.tif,data\dem\037_00.tif,data\pwater\037_00.tif,data\labels\037_00.tif,38.72833251953125
data\chips\VV\037_10.tif,data\chips\VH\037_10.tif,data\dem\037_10.tif,data\pwater\037_10.tif,data\labels\037_10.tif,39.36614990234375
data\chips\VV\037_11.tif,data\chips\VH\037_11.tif,data\dem\037_11.tif,data\pwater\037_11.tif,data\labels\037_11.tif,33.04443359375
data\chips\VV\045_00.tif,data\chips\VH\045_00.tif,data\dem\045_00.tif,data\pwater\045_00.tif,data\labels\045_00.tif,66.56646728515625
data\chips\VV\045_10.tif,data\chips\VH\045_10.tif,data\dem\045_10.tif,data\pwater\045_10.tif,data\labels\045_10.tif,30.43975830078125
data\chips\VV\049_01.tif,data\chips\VH\049_01.tif,data\dem\049_01.tif,data\pwater\049_01.tif,data\labels\049_01.tif,34.2315673828125
data\chips\VV\054_00.tif,data\chips\VH\054_00.tif,data\dem\054_00.tif,data\pwater\054_00.tif,data\labels\054_00.tif,35.6842041015625
data\chips\VV\054_01.tif,data\chips\VH\054_01.tif,data\dem\054_01.tif,data\pwater\054_01.tif,data\labels\054_01.tif,51.07879638671875
data\chips\VV\057_11.tif,data\chips\VH\057_11.tif,data\dem\057_11.tif,data\pwater\057_11.tif,data\labels\057_11.tif,30.66864013671875
data\chips\VV\058_01.tif,data\chips\VH\058_01.tif,data\dem\058_01.tif,data\pwater\058_01.tif,data\labels\058_01.tif,33.03375244140625
data\chips\VV\060_01.tif,data\chips\VH\060_01.tif,data\dem\060_01.tif,data\pwater\060_01.tif,data\labels\060_01.tif,40.87371826171875
data\chips\VV\060_10.tif,data\chips\VH\060_10.tif,data\dem\060_10.tif,data\pwater\060_10.tif,data\labels\060_10.tif,31.47430419921875
data\chips\VV\063_00.tif,data\chips\VH\063_00.tif,data\dem\063_00.tif,data\pwater\063_00.tif,data\labels\063_00.tif,37.91351318359375
data\chips\VV\063_01.tif,data\chips\VH\063_01.tif,data\dem\063_01.tif,data\pwater\063_01.tif,data\labels\063_01.tif,40.4327392578125
data\chips\VV\063_11.tif,data\chips\VH\063_11.tif,data\dem\063_11.tif,data\pwater\063_11.tif,data\labels\063_11.tif,39.0899658203125
data\chips\VV\065_00.tif,data\chips\VH\065_00.tif,data\dem\065_00.tif,data\pwater\065_00.tif,data\labels\065_00.tif,45.294189453125
data\chips\VV\065_10.tif,data\chips\VH\065_10.tif,data\dem\065_10.tif,data\pwater\065_10.tif,data\labels\065_10.tif,49.8748779296875
data\chips\VV\067_01.tif,data\chips\VH\067_01.tif,data\dem\067_01.tif,data\pwater\067_01.tif,data\labels\067_01.tif,39.874267578125
data\chips\VV\067_10.tif,data\chips\VH\067_10.tif,data\dem\067_10.tif,data\pwater\067_10.tif,data\labels\067_10.tif,52.6580810546875
data\chips\VV\067_11.tif,data\chips\VH\067_11.tif,data\dem\067_11.tif,data\pwater\067_11.tif,data\labels\067_11.tif,42.5201416015625
data\chips\VV\068_01.tif,data\chips\VH\068_01.tif,data\dem\068_01.tif,data\pwater\068_01.tif,data\labels\068_01.tif,58.43658447265625
data\chips\VV\068_11.tif,data\chips\VH\068_11.tif,data\dem\068_11.tif,data\pwater\068_11.tif,data\labels\068_11.tif,42.8741455078125
data\chips\VV\076_00.tif,data\chips\VH\076_00.tif,data\dem\076_00.tif,data\pwater\076_00.tif,data\labels\076_00.tif,33.98590087890625
data\chips\VV\079_10.tif,data\chips\VH\079_10.tif,data\dem\079_10.tif,data\pwater\079_10.tif,data\labels\079_10.tif,31.72454833984375
data\chips\VV\088_00.tif,data\chips\VH\088_00.tif,data\dem\088_00.tif,data\pwater\088_00.tif,data\labels\088_00.tif,65.9942626953125
data\chips\VV\088_10.tif,data\chips\VH\088_10.tif,data\dem\088_10.tif,data\pwater\088_10.tif,data\labels\088_10.tif,72.09625244140625
data\chips\VV\093_01.tif,data\chips\VH\093_01.tif,data\dem\093_01.tif,data\pwater\093_01.tif,data\labels\093_01.tif,60.3759765625
data\chips\VV\093_11.tif,data\chips\VH\093_11.tif,data\dem\093_11.tif,data\pwater\093_11.tif,data\labels\093_11.tif,80.975341796875
data\chips\VV\094_01.tif,data\chips\VH\094_01.tif,data\dem\094_01.tif,data\pwater\094_01.tif,data\labels\094_01.tif,48.956298828125
data\chips\VV\094_11.tif,data\chips\VH\094_11.tif,data\dem\094_11.tif,data\pwater\094_11.tif,data\labels\094_11.tif,69.56634521484375
data\chips\VV\095_01.tif,data\chips\VH\095_01.tif,data\dem\095_01.tif,data\pwater\095_01.tif,data\labels\095_01.tif,39.90936279296875
data\chips\VV\095_11.tif,data\chips\VH\095_11.tif,data\dem\095_11.tif,data\pwater\095_11.tif,data\labels\095_11.tif,37.86468505859375
data\chips\VV\097_11.tif,data\chips\VH\097_11.tif,data\dem\097_11.tif,data\pwater\097_11.tif,data\labels\097_11.tif,99.609375
data\chips\VV\099_01.tif,data\chips\VH\099_01.tif,data\dem\099_01.tif,data\pwater\099_01.tif,data\labels\099_01.tif,93.8568115234375
data\chips\VV\099_11.tif,data\chips\VH\099_11.tif,data\dem\099_11.tif,data\pwater\099_11.tif,data\labels\099_11.tif,98.40087890625
data\chips\VV\100_01.tif,data\chips\VH\100_01.tif,data\dem\100_01.tif,data\pwater\100_01.tif,data\labels\100_01.tif,42.41485595703125
data\chips\VV\100_10.tif,data\chips\VH\100_10.tif,data\dem\100_10.tif,data\pwater\100_10.tif,data\labels\100_10.tif,99.859619140625
data\chips\VV\100_11.tif,data\chips\VH\100_11.tif,data\dem\100_11.tif,data\pwater\100_11.tif,data\labels\100_11.tif,40.70892333984375
data\chips\VV\119_00.tif,data\chips\VH\119_00.tif,data\dem\119_00.tif,data\pwater\119_00.tif,data\labels\119_00.tif,41.73431396484375
data\chips\VV\119_01.tif,data\chips\VH\119_01.tif,data\dem\119_01.tif,data\pwater\119_01.tif,data\labels\119_01.tif,86.16485595703125
data\chips\VV\119_10.tif,data\chips\VH\119_10.tif,data\dem\119_10.tif,data\pwater\119_10.tif,data\labels\119_10.tif,97.61505126953124
data\chips\VV\120_11.tif,data\chips\VH\120_11.tif,data\dem\120_11.tif,data\pwater\120_11.tif,data\labels\120_11.tif,99.163818359375
data\chips\VV\121_00.tif,data\chips\VH\121_00.tif,data\dem\121_00.tif,data\pwater\121_00.tif,data\labels\121_00.tif,88.98468017578125
data\chips\VV\121_10.tif,data\chips\VH\121_10.tif,data\dem\121_10.tif,data\pwater\121_10.tif,data\labels\121_10.tif,41.1285400390625
data\chips\VV\126_10.tif,data\chips\VH\126_10.tif,data\dem\126_10.tif,data\pwater\126_10.tif,data\labels\126_10.tif,86.7645263671875
data\chips\VV\129_10.tif,data\chips\VH\129_10.tif,data\dem\129_10.tif,data\pwater\129_10.tif,data\labels\129_10.tif,79.68292236328125
data\chips\VV\161_00.tif,data\chips\VH\161_00.tif,data\dem\161_00.tif,data\pwater\161_00.tif,data\labels\161_00.tif,32.2021484375
data\chips\VV\165_00.tif,data\chips\VH\165_00.tif,data\dem\165_00.tif,data\pwater\165_00.tif,data\labels\165_00.tif,86.58905029296875
data\chips\VV\165_01.tif,data\chips\VH\165_01.tif,data\dem\165_01.tif,data\pwater\165_01.tif,data\labels\165_01.tif,83.0657958984375
data\chips\VV\165_10.tif,data\chips\VH\165_10.tif,data\dem\165_10.tif,data\pwater\165_10.tif,data\labels\165_10.tif,75.77362060546875
data\chips\VV\167_01.tif,data\chips\VH\167_01.tif,data\dem\167_01.tif,data\pwater\167_01.tif,data\labels\167_01.tif,46.5667724609375
data\chips\VV\167_10.tif,data\chips\VH\167_10.tif,data\dem\167_10.tif,data\pwater\167_10.tif,data\labels\167_10.tif,50.7537841796875
data\chips\VV\167_11.tif,data\chips\VH\167_11.tif,data\dem\167_11.tif,data\pwater\167_11.tif,data\labels\167_11.tif,50.52337646484375
data\chips\VV\168_01.tif,data\chips\VH\168_01.tif,data\dem\168_01.tif,data\pwater\168_01.tif,data\labels\168_01.tif,52.72979736328125
data\chips\VV\170_00.tif,data\chips\VH\170_00.tif,data\dem\170_00.tif,data\pwater\170_00.tif,data\labels\170_00.tif,50.311279296875
data\chips\VV\170_10.tif,data\chips\VH\170_10.tif,data\dem\170_10.tif,data\pwater\170_10.tif,data\labels\170_10.tif,34.8724365234375
data\chips\VV\170_11.tif,data\chips\VH\170_11.tif,data\dem\170_11.tif,data\pwater\170_11.tif,data\labels\170_11.tif,67.36602783203125
data\chips\VV\171_01.tif,data\chips\VH\171_01.tif,data\dem\171_01.tif,data\pwater\171_01.tif,data\labels\171_01.tif,71.588134765625
data\chips\VV\171_10.tif,data\chips\VH\171_10.tif,data\dem\171_10.tif,data\pwater\171_10.tif,data\labels\171_10.tif,76.2725830078125
data\chips\VV\171_11.tif,data\chips\VH\171_11.tif,data\dem\171_11.tif,data\pwater\171_11.tif,data\labels\171_11.tif,46.087646484375
data\chips\VV\172_01.tif,data\chips\VH\172_01.tif,data\dem\172_01.tif,data\pwater\172_01.tif,data\labels\172_01.tif,79.57763671875
data\chips\VV\172_11.tif,data\chips\VH\172_11.tif,data\dem\172_11.tif,data\pwater\172_11.tif,data\labels\172_11.tif,68.8262939453125
data\chips\VV\174_00.tif,data\chips\VH\174_00.tif,data\dem\174_00.tif,data\pwater\174_00.tif,data\labels\174_00.tif,50.244140625
data\chips\VV\199_00.tif,data\chips\VH\199_00.tif,data\dem\199_00.tif,data\pwater\199_00.tif,data\labels\199_00.tif,31.390380859375
data\chips\VV\213_00.tif,data\chips\VH\213_00.tif,data\dem\213_00.tif,data\pwater\213_00.tif,data\labels\213_00.tif,71.49200439453125
data\chips\VV\213_10.tif,data\chips\VH\213_10.tif,data\dem\213_10.tif,data\pwater\213_10.tif,data\labels\213_10.tif,72.24578857421875
data\chips\VV\213_11.tif,data\chips\VH\213_11.tif,data\dem\213_11.tif,data\pwater\213_11.tif,data\labels\213_11.tif,60.45684814453125
data\chips\VV\219_00.tif,data\chips\VH\219_00.tif,data\dem\219_00.tif,data\pwater\219_00.tif,data\labels\219_00.tif,77.3468017578125
data\chips\VV\219_01.tif,data\chips\VH\219_01.tif,data\dem\219_01.tif,data\pwater\219_01.tif,data\labels\219_01.tif,82.72705078125
data\chips\VV\219_11.tif,data\chips\VH\219_11.tif,data\dem\219_11.tif,data\pwater\219_11.tif,data\labels\219_11.tif,92.2943115234375
data\chips\VV\220_00.tif,data\chips\VH\220_00.tif,data\dem\220_00.tif,data\pwater\220_00.tif,data\labels\220_00.tif,34.87701416015625
data\chips\VV\220_10.tif,data\chips\VH\220_10.tif,data\dem\220_10.tif,data\pwater\220_10.tif,data\labels\220_10.tif,99.32861328125
data\chips\VV\249_01.tif,data\chips\VH\249_01.tif,data\dem\249_01.tif,data\pwater\249_01.tif,data\labels\249_01.tif,34.50469970703125
data\chips\VV\260_00.tif,data\chips\VH\260_00.tif,data\dem\260_00.tif,data\pwater\260_00.tif,data\labels\260_00.tif,34.5001220703125
data\chips\VV\267_00.tif,data\chips\VH\267_00.tif,data\dem\267_00.tif,data\pwater\267_00.tif,data\labels\267_00.tif,90.277099609375
data\chips\VV\268_11.tif,data\chips\VH\268_11.tif,data\dem\268_11.tif,data\pwater\268_11.tif,data\labels\268_11.tif,37.9364013671875
data\chips\VV\271_00.tif,data\chips\VH\271_00.tif,data\dem\271_00.tif,data\pwater\271_00.tif,data\labels\271_00.tif,30.43365478515625
data\chips\VV\271_01.tif,data\chips\VH\271_01.tif,data\dem\271_01.tif,data\pwater\271_01.tif,data\labels\271_01.tif,36.053466796875
data\chips\VV\271_11.tif,data\chips\VH\271_11.tif,data\dem\271_11.tif,data\pwater\271_11.tif,data\labels\271_11.tif,40.81573486328125
data\chips\VV\291_01.tif,data\chips\VH\291_01.tif,data\dem\291_01.tif,data\pwater\291_01.tif,data\labels\291_01.tif,37.1490478515625
data\chips\VV\317_00.tif,data\chips\VH\317_00.tif,data\dem\317_00.tif,data\pwater\317_00.tif,data\labels\317_00.tif,32.11212158203125
data\chips\VV\332_00.tif,data\chips\VH\332_00.tif,data\dem\332_00.tif,data\pwater\332_00.tif,data\labels\332_00.tif,37.158203125
data\chips\VV\332_11.tif,data\chips\VH\332_11.tif,data\dem\332_11.tif,data\pwater\332_11.tif,data\labels\332_11.tif,32.220458984375
data\chips\VV\379_10.tif,data\chips\VH\379_10.tif,data\dem\379_10.tif,data\pwater\379_10.tif,data\labels\379_10.tif,58.31146240234375
data\chips\VV\379_11.tif,data\chips\VH\379_11.tif,data\dem\379_11.tif,data\pwater\379_11.tif,data\labels\379_11.tif,75.34027099609375
data\chips\VV\380_00.tif,data\chips\VH\380_00.tif,data\dem\380_00.tif,data\pwater\380_00.tif,data\labels\380_00.tif,58.4075927734375
data\chips\VV\380_01.tif,data\chips\VH\380_01.tif,data\dem\380_01.tif,data\pwater\380_01.tif,data\labels\380_01.tif,99.92523193359376
data\chips\VV\391_10.tif,data\chips\VH\391_10.tif,data\dem\391_10.tif,data\pwater\391_10.tif,data\labels\391_10.tif,33.94012451171875
data\chips\VV\395_00.tif,data\chips\VH\395_00.tif,data\dem\395_00.tif,data\pwater\395_00.tif,data\labels\395_00.tif,49.0081787109375
data\chips\VV\395_01.tif,data\chips\VH\395_01.tif,data\dem\395_01.tif,data\pwater\395_01.tif,data\labels\395_01.tif,56.75506591796875
data\chips\VV\395_10.tif,data\chips\VH\395_10.tif,data\dem\395_10.tif,data\pwater\395_10.tif,data\labels\395_10.tif,36.19537353515625
data\chips\VV\395_11.tif,data\chips\VH\395_11.tif,data\dem\395_11.tif,data\pwater\395_11.tif,data\labels\395_11.tif,64.4775390625
data\chips\VV\396_01.tif,data\chips\VH\396_01.tif,data\dem\396_01.tif,data\pwater\396_01.tif,data\labels\396_01.tif,63.519287109375
data\chips\VV\400_00.tif,data\chips\VH\400_00.tif,data\dem\400_00.tif,data\pwater\400_00.tif,data\labels\400_00.tif,36.04583740234375
data\chips\VV\400_10.tif,data\chips\VH\400_10.tif,data\dem\400_10.tif,data\pwater\400_10.tif,data\labels\400_10.tif,60.90087890625
data\chips\VV\401_00.tif,data\chips\VH\401_00.tif,data\dem\401_00.tif,data\pwater\401_00.tif,data\labels\401_00.tif,65.72113037109375
data\chips\VV\401_01.tif,data\chips\VH\401_01.tif,data\dem\401_01.tif,data\pwater\401_01.tif,data\labels\401_01.tif,44.97833251953125
data\chips\VV\402_11.tif,data\chips\VH\402_11.tif,data\dem\402_11.tif,data\pwater\402_11.tif,data\labels\402_11.tif,40.936279296875
data\chips\VV\407_01.tif,data\chips\VH\407_01.tif,data\dem\407_01.tif,data\pwater\407_01.tif,data\labels\407_01.tif,56.60247802734375
data\chips\VV\407_10.tif,data\chips\VH\407_10.tif,data\dem\407_10.tif,data\pwater\407_10.tif,data\labels\407_10.tif,31.1065673828125
data\chips\VV\407_11.tif,data\chips\VH\407_11.tif,data\dem\407_11.tif,data\pwater\407_11.tif,data\labels\407_11.tif,63.02642822265625
data\chips\VV\453_01.tif,data\chips\VH\453_01.tif,data\dem\453_01.tif,data\pwater\453_01.tif,data\labels\453_01.tif,80.2581787109375
data\chips\VV\453_10.tif,data\chips\VH\453_10.tif,data\dem\453_10.tif,data\pwater\453_10.tif,data\labels\453_10.tif,34.77630615234375
data\chips\VV\453_11.tif,data\chips\VH\453_11.tif,data\dem\453_11.tif,data\pwater\453_11.tif,data\labels\453_11.tif,79.2755126953125
data\chips\VV\454_00.tif,data\chips\VH\454_00.tif,data\dem\454_00.tif,data\pwater\454_00.tif,data\labels\454_00.tif,49.6673583984375
data\chips\VV\456_00.tif,data\chips\VH\456_00.tif,data\dem\456_00.tif,data\pwater\456_00.tif,data\labels\456_00.tif,73.1414794921875
data\chips\VV\456_01.tif,data\chips\VH\456_01.tif,data\dem\456_01.tif,data\pwater\456_01.tif,data\labels\456_01.tif,80.54046630859375
data\chips\VV\456_10.tif,data\chips\VH\456_10.tif,data\dem\456_10.tif,data\pwater\456_10.tif,data\labels\456_10.tif,71.22955322265625
data\chips\VV\456_11.tif,data\chips\VH\456_11.tif,data\dem\456_11.tif,data\pwater\456_11.tif,data\labels\456_11.tif,63.8916015625
data\chips\VV\460_00.tif,data\chips\VH\460_00.tif,data\dem\460_00.tif,data\pwater\460_00.tif,data\labels\460_00.tif,49.8321533203125
data\chips\VV\460_01.tif,data\chips\VH\460_01.tif,data\dem\460_01.tif,data\pwater\460_01.tif,data\labels\460_01.tif,62.72735595703125
data\chips\VV\460_10.tif,data\chips\VH\460_10.tif,data\dem\460_10.tif,data\pwater\460_10.tif,data\labels\460_10.tif,72.84698486328125
data\chips\VV\460_11.tif,data\chips\VH\460_11.tif,data\dem\460_11.tif,data\pwater\460_11.tif,data\labels\460_11.tif,76.18560791015625
data\chips\VV\461_01.tif,data\chips\VH\461_01.tif,data\dem\461_01.tif,data\pwater\461_01.tif,data\labels\461_01.tif,43.68438720703125
data\chips\VV\461_11.tif,data\chips\VH\461_11.tif,data\dem\461_11.tif,data\pwater\461_11.tif,data\labels\461_11.tif,57.4005126953125
data\chips\VV\462_00.tif,data\chips\VH\462_00.tif,data\dem\462_00.tif,data\pwater\462_00.tif,data\labels\462_00.tif,54.40673828125
data\chips\VV\462_01.tif,data\chips\VH\462_01.tif,data\dem\462_01.tif,data\pwater\462_01.tif,data\labels\462_01.tif,63.4124755859375
data\chips\VV\462_10.tif,data\chips\VH\462_10.tif,data\dem\462_10.tif,data\pwater\462_10.tif,data\labels\462_10.tif,76.7181396484375
data\chips\VV\462_11.tif,data\chips\VH\462_11.tif,data\dem\462_11.tif,data\pwater\462_11.tif,data\labels\462_11.tif,47.94464111328125
data\chips\VV\465_00.tif,data\chips\VH\465_00.tif,data\dem\465_00.tif,data\pwater\465_00.tif,data\labels\465_00.tif,30.57861328125
data\chips\VV\480_00.tif,data\chips\VH\480_00.tif,data\dem\480_00.tif,data\pwater\480_00.tif,data\labels\480_00.tif,31.04248046875
data\chips\VV\487_00.tif,data\chips\VH\487_00.tif,data\dem\487_00.tif,data\pwater\487_00.tif,data\labels\487_00.tif,31.91375732421875
data\chips\VV\487_01.tif,data\chips\VH\487_01.tif,data\dem\487_01.tif,data\pwater\487_01.tif,data\labels\487_01.tif,74.0203857421875
data\chips\VV\487_11.tif,data\chips\VH\487_11.tif,data\dem\487_11.tif,data\pwater\487_11.tif,data\labels\487_11.tif,33.95233154296875
data\chips\VV\488_00.tif,data\chips\VH\488_00.tif,data\dem\488_00.tif,data\pwater\488_00.tif,data\labels\488_00.tif,92.5201416015625
data\chips\VV\489_01.tif,data\chips\VH\489_01.tif,data\dem\489_01.tif,data\pwater\489_01.tif,data\labels\489_01.tif,34.332275390625
data\chips\VV\489_10.tif,data\chips\VH\489_10.tif,data\dem\489_10.tif,data\pwater\489_10.tif,data\labels\489_10.tif,80.40618896484375
data\chips\VV\492_00.tif,data\chips\VH\492_00.tif,data\dem\492_00.tif,data\pwater\492_00.tif,data\labels\492_00.tif,92.41180419921876
data\chips\VV\492_01.tif,data\chips\VH\492_01.tif,data\dem\492_01.tif,data\pwater\492_01.tif,data\labels\492_01.tif,99.9603271484375
data\chips\VV\497_10.tif,data\chips\VH\497_10.tif,data\dem\497_10.tif,data\pwater\497_10.tif,data\labels\497_10.tif,43.19000244140625
data\chips\VV\509_11.tif,data\chips\VH\509_11.tif,data\dem\509_11.tif,data\pwater\509_11.tif,data\labels\509_11.tif,45.34912109375
data\chips\VV\512_00.tif,data\chips\VH\512_00.tif,data\dem\512_00.tif,data\pwater\512_00.tif,data\labels\512_00.tif,46.1334228515625
data\chips\VV\512_10.tif,data\chips\VH\512_10.tif,data\dem\512_10.tif,data\pwater\512_10.tif,data\labels\512_10.tif,30.49163818359375
data\chips\VV\515_11.tif,data\chips\VH\515_11.tif,data\dem\515_11.tif,data\pwater\515_11.tif,data\labels\515_11.tif,30.4473876953125
data\chips\VV\518_00.tif,data\chips\VH\518_00.tif,data\dem\518_00.tif,data\pwater\518_00.tif,data\labels\518_00.tif,62.96234130859375
data\chips\VV\518_01.tif,data\chips\VH\518_01.tif,data\dem\518_01.tif,data\pwater\518_01.tif,data\labels\518_01.tif,54.4677734375
data\chips\VV\518_10.tif,data\chips\VH\518_10.tif,data\dem\518_10.tif,data\pwater\518_10.tif,data\labels\518_10.tif,36.68670654296875
data\chips\VV\518_11.tif,data\chips\VH\518_11.tif,data\dem\518_11.tif,data\pwater\518_11.tif,data\labels\518_11.tif,62.3931884765625
data\chips\VV\522_00.tif,data\chips\VH\522_00.tif,data\dem\522_00.tif,data\pwater\522_00.tif,data\labels\522_00.tif,60.80474853515625
data\chips\VV\522_01.tif,data\chips\VH\522_01.tif,data\dem\522_01.tif,data\pwater\522_01.tif,data\labels\522_01.tif,58.70208740234375
data\chips\VV\522_11.tif,data\chips\VH\522_11.tif,data\dem\522_11.tif,data\pwater\522_11.tif,data\labels\522_11.tif,56.9549560546875
data\chips\VV\534_11.tif,data\chips\VH\534_11.tif,data\dem\534_11.tif,data\pwater\534_11.tif,data\labels\534_11.tif,40.673828125
data\chips\VV\535_10.tif,data\chips\VH\535_10.tif,data\dem\535_10.tif,data\pwater\535_10.tif,data\labels\535_10.tif,32.36236572265625
data\chips\VV\535_11.tif,data\chips\VH\535_11.tif,data\dem\535_11.tif,data\pwater\535_11.tif,data\labels\535_11.tif,37.286376953125
data\chips\VV\538_01.tif,data\chips\VH\538_01.tif,data\dem\538_01.tif,data\pwater\538_01.tif,data\labels\538_01.tif,46.6552734375
data\chips\VV\540_00.tif,data\chips\VH\540_00.tif,data\dem\540_00.tif,data\pwater\540_00.tif,data\labels\540_00.tif,66.650390625
data\chips\VV\540_01.tif,data\chips\VH\540_01.tif,data\dem\540_01.tif,data\pwater\540_01.tif,data\labels\540_01.tif,34.4390869140625
data\chips\VV\540_10.tif,data\chips\VH\540_10.tif,data\dem\540_10.tif,data\pwater\540_10.tif,data\labels\540_10.tif,37.432861328125
data\chips\VV\540_11.tif,data\chips\VH\540_11.tif,data\dem\540_11.tif,data\pwater\540_11.tif,data\labels\540_11.tif,68.365478515625
data\chips\VV\546_00.tif,data\chips\VH\546_00.tif,data\dem\546_00.tif,data\pwater\546_00.tif,data\labels\546_00.tif,52.7740478515625
data\chips\VV\546_01.tif,data\chips\VH\546_01.tif,data\dem\546_01.tif,data\pwater\546_01.tif,data\labels\546_01.tif,88.44451904296875
data\chips\VV\546_10.tif,data\chips\VH\546_10.tif,data\dem\546_10.tif,data\pwater\546_10.tif,data\labels\546_10.tif,42.43011474609375
data\chips\VV\546_11.tif,data\chips\VH\546_11.tif,data\dem\546_11.tif,data\pwater\546_11.tif,data\labels\546_11.tif,70.47271728515625
data\chips\VV\551_01.tif,data\chips\VH\551_01.tif,data\dem\551_01.tif,data\pwater\551_01.tif,data\labels\551_01.tif,35.186767578125
data\chips\VV\553_00.tif,data\chips\VH\553_00.tif,data\dem\553_00.tif,data\pwater\553_00.tif,data\labels\553_00.tif,90.62347412109376
data\chips\VV\553_01.tif,data\chips\VH\553_01.tif,data\dem\553_01.tif,data\pwater\553_01.tif,data\labels\553_01.tif,94.38323974609376
data\chips\VV\553_10.tif,data\chips\VH\553_10.tif,data\dem\553_10.tif,data\pwater\553_10.tif,data\labels\553_10.tif,98.37646484375
data\chips\VV\554_01.tif,data\chips\VH\554_01.tif,data\dem\554_01.tif,data\pwater\554_01.tif,data\labels\554_01.tif,85.56060791015625
data\chips\VV\554_10.tif,data\chips\VH\554_10.tif,data\dem\554_10.tif,data\pwater\554_10.tif,data\labels\554_10.tif,58.67919921875
data\chips\VV\554_11.tif,data\chips\VH\554_11.tif,data\dem\554_11.tif,data\pwater\554_11.tif,data\labels\554_11.tif,67.86346435546875
data\chips\VV\555_10.tif,data\chips\VH\555_10.tif,data\dem\555_10.tif,data\pwater\555_10.tif,data\labels\555_10.tif,60.980224609375
data\chips\VV\556_00.tif,data\chips\VH\556_00.tif,data\dem\556_00.tif,data\pwater\556_00.tif,data\labels\556_00.tif,71.2982177734375
data\chips\VV\556_01.tif,data\chips\VH\556_01.tif,data\dem\556_01.tif,data\pwater\556_01.tif,data\labels\556_01.tif,69.99359130859375
data\chips\VV\558_10.tif,data\chips\VH\558_10.tif,data\dem\558_10.tif,data\pwater\558_10.tif,data\labels\558_10.tif,30.792236328125
data\chips\VV\565_01.tif,data\chips\VH\565_01.tif,data\dem\565_01.tif,data\pwater\565_01.tif,data\labels\565_01.tif,37.8662109375
data\chips\VV\569_01.tif,data\chips\VH\569_01.tif,data\dem\569_01.tif,data\pwater\569_01.tif,data\labels\569_01.tif,78.73077392578125
data\chips\VV\569_10.tif,data\chips\VH\569_10.tif,data\dem\569_10.tif,data\pwater\569_10.tif,data\labels\569_10.tif,58.54949951171875
data\chips\VV\569_11.tif,data\chips\VH\569_11.tif,data\dem\569_11.tif,data\pwater\569_11.tif,data\labels\569_11.tif,78.36151123046875
data\chips\VV\570_00.tif,data\chips\VH\570_00.tif,data\dem\570_00.tif,data\pwater\570_00.tif,data\labels\570_00.tif,33.10089111328125
data\chips\VV\571_00.tif,data\chips\VH\571_00.tif,data\dem\571_00.tif,data\pwater\571_00.tif,data\labels\571_00.tif,93.78509521484376
data\chips\VV\571_01.tif,data\chips\VH\571_01.tif,data\dem\571_01.tif,data\pwater\571_01.tif,data\labels\571_01.tif,77.75726318359375
data\chips\VV\571_10.tif,data\chips\VH\571_10.tif,data\dem\571_10.tif,data\pwater\571_10.tif,data\labels\571_10.tif,88.82904052734375
data\chips\VV\571_11.tif,data\chips\VH\571_11.tif,data\dem\571_11.tif,data\pwater\571_11.tif,data\labels\571_11.tif,81.74591064453125
data\chips\VV\573_11.tif,data\chips\VH\573_11.tif,data\dem\573_11.tif,data\pwater\573_11.tif,data\labels\573_11.tif,49.16534423828125
data\chips\VV\574_00.tif,data\chips\VH\574_00.tif,data\dem\574_00.tif,data\pwater\574_00.tif,data\labels\574_00.tif,75.20294189453125
data\chips\VV\574_01.tif,data\chips\VH\574_01.tif,data\dem\574_01.tif,data\pwater\574_01.tif,data\labels\574_01.tif,94.0185546875
data\chips\VV\574_10.tif,data\chips\VH\574_10.tif,data\dem\574_10.tif,data\pwater\574_10.tif,data\labels\574_10.tif,46.2677001953125
data\chips\VV\574_11.tif,data\chips\VH\574_11.tif,data\dem\574_11.tif,data\pwater\574_11.tif,data\labels\574_11.tif,84.00726318359375
data\chips\VV\576_00.tif,data\chips\VH\576_00.tif,data\dem\576_00.tif,data\pwater\576_00.tif,data\labels\576_00.tif,60.78643798828125
data\chips\VV\576_01.tif,data\chips\VH\576_01.tif,data\dem\576_01.tif,data\pwater\576_01.tif,data\labels\576_01.tif,77.80914306640625
data\chips\VV\576_10.tif,data\chips\VH\576_10.tif,data\dem\576_10.tif,data\pwater\576_10.tif,data\labels\576_10.tif,64.4805908203125
data\chips\VV\576_11.tif,data\chips\VH\576_11.tif,data\dem\576_11.tif,data\pwater\576_11.tif,data\labels\576_11.tif,90.0360107421875
data\chips\VV\577_00.tif,data\chips\VH\577_00.tif,data\dem\577_00.tif,data\pwater\577_00.tif,data\labels\577_00.tif,33.06884765625
data\chips\VV\577_11.tif,data\chips\VH\577_11.tif,data\dem\577_11.tif,data\pwater\577_11.tif,data\labels\577_11.tif,73.62213134765625
data\chips\VV\578_00.tif,data\chips\VH\578_00.tif,data\dem\578_00.tif,data\pwater\578_00.tif,data\labels\578_00.tif,67.87109375
data\chips\VV\578_01.tif,data\chips\VH\578_01.tif,data\dem\578_01.tif,data\pwater\578_01.tif,data\labels\578_01.tif,83.13751220703125
data\chips\VV\578_10.tif,data\chips\VH\578_10.tif,data\dem\578_10.tif,data\pwater\578_10.tif,data\labels\578_10.tif,40.94696044921875
data\chips\VV\578_11.tif,data\chips\VH\578_11.tif,data\dem\578_11.tif,data\pwater\578_11.tif,data\labels\578_11.tif,48.64654541015625
data\chips\VV\583_00.tif,data\chips\VH\583_00.tif,data\dem\583_00.tif,data\pwater\583_00.tif,data\labels\583_00.tif,44.94171142578125
data\chips\VV\583_01.tif,data\chips\VH\583_01.tif,data\dem\583_01.tif,data\pwater\583_01.tif,data\labels\583_01.tif,58.30078125
data\chips\VV\583_10.tif,data\chips\VH\583_10.tif,data\dem\583_10.tif,data\pwater\583_10.tif,data\labels\583_10.tif,46.759033203125
data\chips\VV\583_11.tif,data\chips\VH\583_11.tif,data\dem\583_11.tif,data\pwater\583_11.tif,data\labels\583_11.tif,57.098388671875
data\chips\VV\584_00.tif,data\chips\VH\584_00.tif,data\dem\584_00.tif,data\pwater\584_00.tif,data\labels\584_00.tif,70.1446533203125
data\chips\VV\584_01.tif,data\chips\VH\584_01.tif,data\dem\584_01.tif,data\pwater\584_01.tif,data\labels\584_01.tif,84.48486328125
data\chips\VV\585_00.tif,data\chips\VH\585_00.tif,data\dem\585_00.tif,data\pwater\585_00.tif,data\labels\585_00.tif,81.21795654296875
data\chips\VV\585_01.tif,data\chips\VH\585_01.tif,data\dem\585_01.tif,data\pwater\585_01.tif,data\labels\585_01.tif,74.4873046875
data\chips\VV\585_10.tif,data\chips\VH\585_10.tif,data\dem\585_10.tif,data\pwater\585_10.tif,data\labels\585_10.tif,43.57452392578125
data\chips\VV\587_00.tif,data\chips\VH\587_00.tif,data\dem\587_00.tif,data\pwater\587_00.tif,data\labels\587_00.tif,71.746826171875
data\chips\VV\587_01.tif,data\chips\VH\587_01.tif,data\dem\587_01.tif,data\pwater\587_01.tif,data\labels\587_01.tif,38.720703125
data\chips\VV\587_10.tif,data\chips\VH\587_10.tif,data\dem\587_10.tif,data\pwater\587_10.tif,data\labels\587_10.tif,73.81134033203125
data\chips\VV\588_10.tif,data\chips\VH\588_10.tif,data\dem\588_10.tif,data\pwater\588_10.tif,data\labels\588_10.tif,36.40289306640625
data\chips\VV\593_01.tif,data\chips\VH\593_01.tif,data\dem\593_01.tif,data\pwater\593_01.tif,data\labels\593_01.tif,41.619873046875
data\chips\VV\602_11.tif,data\chips\VH\602_11.tif,data\dem\602_11.tif,data\pwater\602_11.tif,data\labels\602_11.tif,42.69256591796875
data\chips\VV\604_10.tif,data\chips\VH\604_10.tif,data\dem\604_10.tif,data\pwater\604_10.tif,data\labels\604_10.tif,65.0054931640625
data\chips\VV\609_11.tif,data\chips\VH\609_11.tif,data\dem\609_11.tif,data\pwater\609_11.tif,data\labels\609_11.tif,33.197021484375
data\chips\VV\614_10.tif,data\chips\VH\614_10.tif,data\dem\614_10.tif,data\pwater\614_10.tif,data\labels\614_10.tif,32.11822509765625
data\chips\VV\621_00.tif,data\chips\VH\621_00.tif,data\dem\621_00.tif,data\pwater\621_00.tif,data\labels\621_00.tif,94.451904296875
data\chips\VV\621_01.tif,data\chips\VH\621_01.tif,data\dem\621_01.tif,data\pwater\621_01.tif,data\labels\621_01.tif,60.0128173828125
data\chips\VV\621_10.tif,data\chips\VH\621_10.tif,data\dem\621_10.tif,data\pwater\621_10.tif,data\labels\621_10.tif,65.41290283203125
data\chips\VV\622_00.tif,data\chips\VH\622_00.tif,data\dem\622_00.tif,data\pwater\622_00.tif,data\labels\622_00.tif,63.28887939453125
data\chips\VV\625_00.tif,data\chips\VH\625_00.tif,data\dem\625_00.tif,data\pwater\625_00.tif,data\labels\625_00.tif,81.19964599609375
data\chips\VV\625_01.tif,data\chips\VH\625_01.tif,data\dem\625_01.tif,data\pwater\625_01.tif,data\labels\625_01.tif,49.3255615234375
data\chips\VV\625_10.tif,data\chips\VH\625_10.tif,data\dem\625_10.tif,data\pwater\625_10.tif,data\labels\625_10.tif,69.35272216796875
data\chips\VV\626_11.tif,data\chips\VH\626_11.tif,data\dem\626_11.tif,data\pwater\626_11.tif,data\labels\626_11.tif,31.2225341796875
data\chips\VV\628_10.tif,data\chips\VH\628_10.tif,data\dem\628_10.tif,data\pwater\628_10.tif,data\labels\628_10.tif,48.23150634765625
data\chips\VV\631_11.tif,data\chips\VH\631_11.tif,data\dem\631_11.tif,data\pwater\631_11.tif,data\labels\631_11.tif,32.14569091796875
data\chips\VV\632_00.tif,data\chips\VH\632_00.tif,data\dem\632_00.tif,data\pwater\632_00.tif,data\labels\632_00.tif,66.10870361328125
data\chips\VV\634_00.tif,data\chips\VH\634_00.tif,data\dem\634_00.tif,data\pwater\634_00.tif,data\labels\634_00.tif,91.36199951171876
data\chips\VV\634_01.tif,data\chips\VH\634_01.tif,data\dem\634_01.tif,data\pwater\634_01.tif,data\labels\634_01.tif,92.90924072265624
data\chips\VV\634_10.tif,data\chips\VH\634_10.tif,data\dem\634_10.tif,data\pwater\634_10.tif,data\labels\634_10.tif,51.6876220703125
data\chips\VV\636_00.tif,data\chips\VH\636_00.tif,data\dem\636_00.tif,data\pwater\636_00.tif,data\labels\636_00.tif,31.30340576171875
data\chips\VV\636_01.tif,data\chips\VH\636_01.tif,data\dem\636_01.tif,data\pwater\636_01.tif,data\labels\636_01.tif,85.394287109375
data\chips\VV\636_10.tif,data\chips\VH\636_10.tif,data\dem\636_10.tif,data\pwater\636_10.tif,data\labels\636_10.tif,31.03179931640625
data\chips\VV\636_11.tif,data\chips\VH\636_11.tif,data\dem\636_11.tif,data\pwater\636_11.tif,data\labels\636_11.tif,67.79022216796875
data\chips\VV\639_00.tif,data\chips\VH\639_00.tif,data\dem\639_00.tif,data\pwater\639_00.tif,data\labels\639_00.tif,49.560546875
data\chips\VV\639_01.tif,data\chips\VH\639_01.tif,data\dem\639_01.tif,data\pwater\639_01.tif,data\labels\639_01.tif,66.845703125
data\chips\VV\639_10.tif,data\chips\VH\639_10.tif,data\dem\639_10.tif,data\pwater\639_10.tif,data\labels\639_10.tif,80.364990234375
data\chips\VV\639_11.tif,data\chips\VH\639_11.tif,data\dem\639_11.tif,data\pwater\639_11.tif,data\labels\639_11.tif,77.09503173828125
data\chips\VV\642_01.tif,data\chips\VH\642_01.tif,data\dem\642_01.tif,data\pwater\642_01.tif,data\labels\642_01.tif,47.4029541015625
data\chips\VV\643_00.tif,data\chips\VH\643_00.tif,data\dem\643_00.tif,data\pwater\643_00.tif,data\labels\643_00.tif,87.799072265625
data\chips\VV\643_01.tif,data\chips\VH\643_01.tif,data\dem\643_01.tif,data\pwater\643_01.tif,data\labels\643_01.tif,78.619384765625
data\chips\VV\643_10.tif,data\chips\VH\643_10.tif,data\dem\643_10.tif,data\pwater\643_10.tif,data\labels\643_10.tif,74.46136474609375
data\chips\VV\643_11.tif,data\chips\VH\643_11.tif,data\dem\643_11.tif,data\pwater\643_11.tif,data\labels\643_11.tif,60.74066162109375
data\chips\VV\644_00.tif,data\chips\VH\644_00.tif,data\dem\644_00.tif,data\pwater\644_00.tif,data\labels\644_00.tif,88.78326416015625
data\chips\VV\644_01.tif,data\chips\VH\644_01.tif,data\dem\644_01.tif,data\pwater\644_01.tif,data\labels\644_01.tif,72.43804931640625
data\chips\VV\644_10.tif,data\chips\VH\644_10.tif,data\dem\644_10.tif,data\pwater\644_10.tif,data\labels\644_10.tif,44.52362060546875
data\chips\VV\644_11.tif,data\chips\VH\644_11.tif,data\dem\644_11.tif,data\pwater\644_11.tif,data\labels\644_11.tif,77.435302734375
data\chips\VV\645_00.tif,data\chips\VH\645_00.tif,data\dem\645_00.tif,data\pwater\645_00.tif,data\labels\645_00.tif,78.66058349609375
data\chips\VV\645_10.tif,data\chips\VH\645_10.tif,data\dem\645_10.tif,data\pwater\645_10.tif,data\labels\645_10.tif,54.89654541015625
data\chips\VV\649_00.tif,data\chips\VH\649_00.tif,data\dem\649_00.tif,data\pwater\649_00.tif,data\labels\649_00.tif,81.55670166015625
data\chips\VV\649_10.tif,data\chips\VH\649_10.tif,data\dem\649_10.tif,data\pwater\649_10.tif,data\labels\649_10.tif,60.797119140625
data\chips\VV\650_00.tif,data\chips\VH\650_00.tif,data\dem\650_00.tif,data\pwater\650_00.tif,data\labels\650_00.tif,52.3193359375
data\chips\VV\650_10.tif,data\chips\VH\650_10.tif,data\dem\650_10.tif,data\pwater\650_10.tif,data\labels\650_10.tif,75.49591064453125
data\chips\VV\657_00.tif,data\chips\VH\657_00.tif,data\dem\657_00.tif,data\pwater\657_00.tif,data\labels\657_00.tif,52.2552490234375
data\chips\VV\657_10.tif,data\chips\VH\657_10.tif,data\dem\657_10.tif,data\pwater\657_10.tif,data\labels\657_10.tif,61.2060546875
data\chips\VV\657_11.tif,data\chips\VH\657_11.tif,data\dem\657_11.tif,data\pwater\657_11.tif,data\labels\657_11.tif,90.8966064453125
data\chips\VV\663_10.tif,data\chips\VH\663_10.tif,data\dem\663_10.tif,data\pwater\663_10.tif,data\labels\663_10.tif,56.29119873046875
data\chips\VV\664_00.tif,data\chips\VH\664_00.tif,data\dem\664_00.tif,data\pwater\664_00.tif,data\labels\664_00.tif,46.67816162109375
data\chips\VV\664_10.tif,data\chips\VH\664_10.tif,data\dem\664_10.tif,data\pwater\664_10.tif,data\labels\664_10.tif,64.25628662109375
data\chips\VV\664_11.tif,data\chips\VH\664_11.tif,data\dem\664_11.tif,data\pwater\664_11.tif,data\labels\664_11.tif,53.74908447265625
data\chips\VV\668_00.tif,data\chips\VH\668_00.tif,data\dem\668_00.tif,data\pwater\668_00.tif,data\labels\668_00.tif,50.04730224609375
data\chips\VV\668_11.tif,data\chips\VH\668_11.tif,data\dem\668_11.tif,data\pwater\668_11.tif,data\labels\668_11.tif,44.46563720703125
data\chips\VV\674_00.tif,data\chips\VH\674_00.tif,data\dem\674_00.tif,data\pwater\674_00.tif,data\labels\674_00.tif,43.51959228515625
data\chips\VV\674_01.tif,data\chips\VH\674_01.tif,data\dem\674_01.tif,data\pwater\674_01.tif,data\labels\674_01.tif,36.12213134765625
data\chips\VV\674_10.tif,data\chips\VH\674_10.tif,data\dem\674_10.tif,data\pwater\674_10.tif,data\labels\674_10.tif,44.44122314453125
data\chips\VV\674_11.tif,data\chips\VH\674_11.tif,data\dem\674_11.tif,data\pwater\674_11.tif,data\labels\674_11.tif,48.56414794921875
data\chips\VV\677_00.tif,data\chips\VH\677_00.tif,data\dem\677_00.tif,data\pwater\677_00.tif,data\labels\677_00.tif,73.90289306640625
data\chips\VV\677_10.tif,data\chips\VH\677_10.tif,data\dem\677_10.tif,data\pwater\677_10.tif,data\labels\677_10.tif,88.59710693359375
data\chips\VV\685_00.tif,data\chips\VH\685_00.tif,data\dem\685_00.tif,data\pwater\685_00.tif,data\labels\685_00.tif,52.76336669921875
data\chips\VV\707_00.tif,data\chips\VH\707_00.tif,data\dem\707_00.tif,data\pwater\707_00.tif,data\labels\707_00.tif,68.10302734375
data\chips\VV\707_01.tif,data\chips\VH\707_01.tif,data\dem\707_01.tif,data\pwater\707_01.tif,data\labels\707_01.tif,51.0284423828125
data\chips\VV\707_10.tif,data\chips\VH\707_10.tif,data\dem\707_10.tif,data\pwater\707_10.tif,data\labels\707_10.tif,57.23419189453125
data\chips\VV\707_11.tif,data\chips\VH\707_11.tif,data\dem\707_11.tif,data\pwater\707_11.tif,data\labels\707_11.tif,51.75323486328125
data\chips\VV\713_10.tif,data\chips\VH\713_10.tif,data\dem\713_10.tif,data\pwater\713_10.tif,data\labels\713_10.tif,34.42230224609375
data\chips\VV\717_00.tif,data\chips\VH\717_00.tif,data\dem\717_00.tif,data\pwater\717_00.tif,data\labels\717_00.tif,38.88702392578125
data\chips\VV\717_10.tif,data\chips\VH\717_10.tif,data\dem\717_10.tif,data\pwater\717_10.tif,data\labels\717_10.tif,45.17669677734375
data\chips\VV\720_00.tif,data\chips\VH\720_00.tif,data\dem\720_00.tif,data\pwater\720_00.tif,data\labels\720_00.tif,80.81512451171875
data\chips\VV\720_10.tif,data\chips\VH\720_10.tif,data\dem\720_10.tif,data\pwater\720_10.tif,data\labels\720_10.tif,58.9813232421875
data\chips\VV\720_11.tif,data\chips\VH\720_11.tif,data\dem\720_11.tif,data\pwater\720_11.tif,data\labels\720_11.tif,46.41265869140625
data\chips\VV\725_11.tif,data\chips\VH\725_11.tif,data\dem\725_11.tif,data\pwater\725_11.tif,data\labels\725_11.tif,33.6395263671875
data\chips\VV\726_11.tif,data\chips\VH\726_11.tif,data\dem\726_11.tif,data\pwater\726_11.tif,data\labels\726_11.tif,41.49627685546875
data\chips\VV\730_11.tif,data\chips\VH\730_11.tif,data\dem\730_11.tif,data\pwater\730_11.tif,data\labels\730_11.tif,42.9351806640625
data\chips\VV\732_01.tif,data\chips\VH\732_01.tif,data\dem\732_01.tif,data\pwater\732_01.tif,data\labels\732_01.tif,35.7025146484375
data\chips\VV\737_00.tif,data\chips\VH\737_00.tif,data\dem\737_00.tif,data\pwater\737_00.tif,data\labels\737_00.tif,47.802734375
data\chips\VV\737_11.tif,data\chips\VH\737_11.tif,data\dem\737_11.tif,data\pwater\737_11.tif,data\labels\737_11.tif,31.768798828125
data\chips\VV\738_01.tif,data\chips\VH\738_01.tif,data\dem\738_01.tif,data\pwater\738_01.tif,data\labels\738_01.tif,40.95458984375
data\chips\VV\738_11.tif,data\chips\VH\738_11.tif,data\dem\738_11.tif,data\pwater\738_11.tif,data\labels\738_11.tif,45.9869384765625
data\chips\VV\739_00.tif,data\chips\VH\739_00.tif,data\dem\739_00.tif,data\pwater\739_00.tif,data\labels\739_00.tif,35.82611083984375
data\chips\VV\739_11.tif,data\chips\VH\739_11.tif,data\dem\739_11.tif,data\pwater\739_11.tif,data\labels\739_11.tif,37.213134765625
data\chips\VV\743_01.tif,data\chips\VH\743_01.tif,data\dem\743_01.tif,data\pwater\743_01.tif,data\labels\743_01.tif,43.93463134765625
data\chips\VV\743_10.tif,data\chips\VH\743_10.tif,data\dem\743_10.tif,data\pwater\743_10.tif,data\labels\743_10.tif,37.823486328125
data\chips\VV\745_10.tif,data\chips\VH\745_10.tif,data\dem\745_10.tif,data\pwater\745_10.tif,data\labels\745_10.tif,30.89599609375
data\chips\VV\748_11.tif,data\chips\VH\748_11.tif,data\dem\748_11.tif,data\pwater\748_11.tif,data\labels\748_11.tif,36.70501708984375
data\chips\VV\752_00.tif,data\chips\VH\752_00.tif,data\dem\752_00.tif,data\pwater\752_00.tif,data\labels\752_00.tif,31.93359375
data\chips\VV\752_01.tif,data\chips\VH\752_01.tif,data\dem\752_01.tif,data\pwater\752_01.tif,data\labels\752_01.tif,87.51373291015625
data\chips\VV\752_10.tif,data\chips\VH\752_10.tif,data\dem\752_10.tif,data\pwater\752_10.tif,data\labels\752_10.tif,38.33770751953125
data\chips\VV\752_11.tif,data\chips\VH\752_11.tif,data\dem\752_11.tif,data\pwater\752_11.tif,data\labels\752_11.tif,78.863525390625
data\chips\VV\757_10.tif,data\chips\VH\757_10.tif,data\dem\757_10.tif,data\pwater\757_10.tif,data\labels\757_10.tif,33.3038330078125
data\chips\VV\760_01.tif,data\chips\VH\760_01.tif,data\dem\760_01.tif,data\pwater\760_01.tif,data\labels\760_01.tif,33.26263427734375
data\chips\VV\761_00.tif,data\chips\VH\761_00.tif,data\dem\761_00.tif,data\pwater\761_00.tif,data\labels\761_00.tif,35.4461669921875
data\chips\VV\764_10.tif,data\chips\VH\764_10.tif,data\dem\764_10.tif,data\pwater\764_10.tif,data\labels\764_10.tif,32.55157470703125
data\chips\VV\766_00.tif,data\chips\VH\766_00.tif,data\dem\766_00.tif,data\pwater\766_00.tif,data\labels\766_00.tif,32.501220703125
data\chips\VV\766_01.tif,data\chips\VH\766_01.tif,data\dem\766_01.tif,data\pwater\766_01.tif,data\labels\766_01.tif,34.7259521484375
data\chips\VV\766_10.tif,data\chips\VH\766_10.tif,data\dem\766_10.tif,data\pwater\766_10.tif,data\labels\766_10.tif,41.63055419921875
data\chips\VV\767_11.tif,data\chips\VH\767_11.tif,data\dem\767_11.tif,data\pwater\767_11.tif,data\labels\767_11.tif,37.2161865234375
data\chips\VV\768_00.tif,data\chips\VH\768_00.tif,data\dem\768_00.tif,data\pwater\768_00.tif,data\labels\768_00.tif,76.91802978515625
data\chips\VV\768_01.tif,data\chips\VH\768_01.tif,data\dem\768_01.tif,data\pwater\768_01.tif,data\labels\768_01.tif,42.0318603515625
data\chips\VV\768_10.tif,data\chips\VH\768_10.tif,data\dem\768_10.tif,data\pwater\768_10.tif,data\labels\768_10.tif,65.28167724609375
data\chips\VV\768_11.tif,data\chips\VH\768_11.tif,data\dem\768_11.tif,data\pwater\768_11.tif,data\labels\768_11.tif,46.2860107421875
data\chips\VV\769_00.tif,data\chips\VH\769_00.tif,data\dem\769_00.tif,data\pwater\769_00.tif,data\labels\769_00.tif,52.69775390625
data\chips\VV\769_01.tif,data\chips\VH\769_01.tif,data\dem\769_01.tif,data\pwater\769_01.tif,data\labels\769_01.tif,83.65478515625
data\chips\VV\769_10.tif,data\chips\VH\769_10.tif,data\dem\769_10.tif,data\pwater\769_10.tif,data\labels\769_10.tif,63.79241943359375
data\chips\VV\769_11.tif,data\chips\VH\769_11.tif,data\dem\769_11.tif,data\pwater\769_11.tif,data\labels\769_11.tif,57.27691650390625
data\chips\VV\770_00.tif,data\chips\VH\770_00.tif,data\dem\770_00.tif,data\pwater\770_00.tif,data\labels\770_00.tif,65.19012451171875
data\chips\VV\770_01.tif,data\chips\VH\770_01.tif,data\dem\770_01.tif,data\pwater\770_01.tif,data\labels\770_01.tif,40.88592529296875
data\chips\VV\770_10.tif,data\chips\VH\770_10.tif,data\dem\770_10.tif,data\pwater\770_10.tif,data\labels\770_10.tif,94.56634521484376
data\chips\VV\770_11.tif,data\chips\VH\770_11.tif,data\dem\770_11.tif,data\pwater\770_11.tif,data\labels\770_11.tif,74.8687744140625
data\chips\VV\776_00.tif,data\chips\VH\776_00.tif,data\dem\776_00.tif,data\pwater\776_00.tif,data\labels\776_00.tif,55.792236328125
data\chips\VV\776_01.tif,data\chips\VH\776_01.tif,data\dem\776_01.tif,data\pwater\776_01.tif,data\labels\776_01.tif,60.15472412109375
data\chips\VV\776_11.tif,data\chips\VH\776_11.tif,data\dem\776_11.tif,data\pwater\776_11.tif,data\labels\776_11.tif,31.74591064453125
data\chips\VV\777_00.tif,data\chips\VH\777_00.tif,data\dem\777_00.tif,data\pwater\777_00.tif,data\labels\777_00.tif,99.9969482421875
data\chips\VV\782_00.tif,data\chips\VH\782_00.tif,data\dem\782_00.tif,data\pwater\782_00.tif,data\labels\782_00.tif,54.48455810546875
data\chips\VV\782_01.tif,data\chips\VH\782_01.tif,data\dem\782_01.tif,data\pwater\782_01.tif,data\labels\782_01.tif,71.65069580078125
data\chips\VV\782_10.tif,data\chips\VH\782_10.tif,data\dem\782_10.tif,data\pwater\782_10.tif,data\labels\782_10.tif,70.03326416015625
data\chips\VV\782_11.tif,data\chips\VH\782_11.tif,data\dem\782_11.tif,data\pwater\782_11.tif,data\labels\782_11.tif,83.72344970703125
data\chips\VV\785_00.tif,data\chips\VH\785_00.tif,data\dem\785_00.tif,data\pwater\785_00.tif,data\labels\785_00.tif,99.609375
data\chips\VV\785_01.tif,data\chips\VH\785_01.tif,data\dem\785_01.tif,data\pwater\785_01.tif,data\labels\785_01.tif,99.6124267578125
data\chips\VV\785_11.tif,data\chips\VH\785_11.tif,data\dem\785_11.tif,data\pwater\785_11.tif,data\labels\785_11.tif,99.99847412109376
data\chips\VV\787_00.tif,data\chips\VH\787_00.tif,data\dem\787_00.tif,data\pwater\787_00.tif,data\labels\787_00.tif,49.6429443359375
data\chips\VV\787_01.tif,data\chips\VH\787_01.tif,data\dem\787_01.tif,data\pwater\787_01.tif,data\labels\787_01.tif,33.233642578125
data\chips\VV\788_00.tif,data\chips\VH\788_00.tif,data\dem\788_00.tif,data\pwater\788_00.tif,data\labels\788_00.tif,99.609375
data\chips\VV\789_00.tif,data\chips\VH\789_00.tif,data\dem\789_00.tif,data\pwater\789_00.tif,data\labels\789_00.tif,79.22515869140625
data\chips\VV\789_01.tif,data\chips\VH\789_01.tif,data\dem\789_01.tif,data\pwater\789_01.tif,data\labels\789_01.tif,70.48492431640625
data\chips\VV\789_10.tif,data\chips\VH\789_10.tif,data\dem\789_10.tif,data\pwater\789_10.tif,data\labels\789_10.tif,66.32232666015625
data\chips\VV\789_11.tif,data\chips\VH\789_11.tif,data\dem\789_11.tif,data\pwater\789_11.tif,data\labels\789_11.tif,46.93145751953125
data\chips\VV\793_00.tif,data\chips\VH\793_00.tif,data\dem\793_00.tif,data\pwater\793_00.tif,data\labels\793_00.tif,99.609375
data\chips\VV\793_10.tif,data\chips\VH\793_10.tif,data\dem\793_10.tif,data\pwater\793_10.tif,data\labels\793_10.tif,99.66583251953124
data\chips\VV\795_00.tif,data\chips\VH\795_00.tif,data\dem\795_00.tif,data\pwater\795_00.tif,data\labels\795_00.tif,36.33270263671875
data\chips\VV\796_10.tif,data\chips\VH\796_10.tif,data\dem\796_10.tif,data\pwater\796_10.tif,data\labels\796_10.tif,99.8077392578125
data\chips\VV\796_11.tif,data\chips\VH\796_11.tif,data\dem\796_11.tif,data\pwater\796_11.tif,data\labels\796_11.tif,99.41558837890624
data\chips\VV\797_00.tif,data\chips\VH\797_00.tif,data\dem\797_00.tif,data\pwater\797_00.tif,data\labels\797_00.tif,99.609375
data\chips\VV\798_00.tif,data\chips\VH\798_00.tif,data\dem\798_00.tif,data\pwater\798_00.tif,data\labels\798_00.tif,88.35296630859375
data\chips\VV\798_01.tif,data\chips\VH\798_01.tif,data\dem\798_01.tif,data\pwater\798_01.tif,data\labels\798_01.tif,49.14398193359375
data\chips\VV\801_00.tif,data\chips\VH\801_00.tif,data\dem\801_00.tif,data\pwater\801_00.tif,data\labels\801_00.tif,68.41888427734375
data\chips\VV\801_01.tif,data\chips\VH\801_01.tif,data\dem\801_01.tif,data\pwater\801_01.tif,data\labels\801_01.tif,31.79779052734375
data\chips\VV\801_10.tif,data\chips\VH\801_10.tif,data\dem\801_10.tif,data\pwater\801_10.tif,data\labels\801_10.tif,65.34881591796875
data\chips\VV\801_11.tif,data\chips\VH\801_11.tif,data\dem\801_11.tif,data\pwater\801_11.tif,data\labels\801_11.tif,55.4962158203125
data\chips\VV\802_00.tif,data\chips\VH\802_00.tif,data\dem\802_00.tif,data\pwater\802_00.tif,data\labels\802_00.tif,45.67413330078125
data\chips\VV\802_01.tif,data\chips\VH\802_01.tif,data\dem\802_01.tif,data\pwater\802_01.tif,data\labels\802_01.tif,81.6986083984375
data\chips\VV\802_10.tif,data\chips\VH\802_10.tif,data\dem\802_10.tif,data\pwater\802_10.tif,data\labels\802_10.tif,53.6651611328125
data\chips\VV\802_11.tif,data\chips\VH\802_11.tif,data\dem\802_11.tif,data\pwater\802_11.tif,data\labels\802_11.tif,75.48675537109375
data\chips\VV\803_00.tif,data\chips\VH\803_00.tif,data\dem\803_00.tif,data\pwater\803_00.tif,data\labels\803_00.tif,99.609375
data\chips\VV\804_00.tif,data\chips\VH\804_00.tif,data\dem\804_00.tif,data\pwater\804_00.tif,data\labels\804_00.tif,99.609375
data\chips\VV\805_00.tif,data\chips\VH\805_00.tif,data\dem\805_00.tif,data\pwater\805_00.tif,data\labels\805_00.tif,99.6124267578125
data\chips\VV\805_01.tif,data\chips\VH\805_01.tif,data\dem\805_01.tif,data\pwater\805_01.tif,data\labels\805_01.tif,72.1923828125
data\chips\VV\805_10.tif,data\chips\VH\805_10.tif,data\dem\805_10.tif,data\pwater\805_10.tif,data\labels\805_10.tif,65.84320068359375
data\chips\VV\805_11.tif,data\chips\VH\805_11.tif,data\dem\805_11.tif,data\pwater\805_11.tif,data\labels\805_11.tif,46.856689453125
data\chips\VV\806_00.tif,data\chips\VH\806_00.tif,data\dem\806_00.tif,data\pwater\806_00.tif,data\labels\806_00.tif,66.0308837890625
data\chips\VV\806_01.tif,data\chips\VH\806_01.tif,data\dem\806_01.tif,data\pwater\806_01.tif,data\labels\806_01.tif,71.368408203125
data\chips\VV\806_10.tif,data\chips\VH\806_10.tif,data\dem\806_10.tif,data\pwater\806_10.tif,data\labels\806_10.tif,54.96978759765625
data\chips\VV\806_11.tif,data\chips\VH\806_11.tif,data\dem\806_11.tif,data\pwater\806_11.tif,data\labels\806_11.tif,69.6136474609375
data\chips\VV\807_00.tif,data\chips\VH\807_00.tif,data\dem\807_00.tif,data\pwater\807_00.tif,data\labels\807_00.tif,77.0233154296875
data\chips\VV\807_01.tif,data\chips\VH\807_01.tif,data\dem\807_01.tif,data\pwater\807_01.tif,data\labels\807_01.tif,76.6204833984375
data\chips\VV\807_10.tif,data\chips\VH\807_10.tif,data\dem\807_10.tif,data\pwater\807_10.tif,data\labels\807_10.tif,75.537109375
data\chips\VV\807_11.tif,data\chips\VH\807_11.tif,data\dem\807_11.tif,data\pwater\807_11.tif,data\labels\807_11.tif,66.265869140625
data\chips\VV\810_11.tif,data\chips\VH\810_11.tif,data\dem\810_11.tif,data\pwater\810_11.tif,data\labels\810_11.tif,98.21014404296876
data\chips\VV\811_00.tif,data\chips\VH\811_00.tif,data\dem\811_00.tif,data\pwater\811_00.tif,data\labels\811_00.tif,41.02783203125
data\chips\VV\811_01.tif,data\chips\VH\811_01.tif,data\dem\811_01.tif,data\pwater\811_01.tif,data\labels\811_01.tif,30.77850341796875
data\chips\VV\811_10.tif,data\chips\VH\811_10.tif,data\dem\811_10.tif,data\pwater\811_10.tif,data\labels\811_10.tif,78.0029296875
data\chips\VV\811_11.tif,data\chips\VH\811_11.tif,data\dem\811_11.tif,data\pwater\811_11.tif,data\labels\811_11.tif,50.3875732421875
data\chips\VV\812_00.tif,data\chips\VH\812_00.tif,data\dem\812_00.tif,data\pwater\812_00.tif,data\labels\812_00.tif,60.72235107421875
data\chips\VV\812_01.tif,data\chips\VH\812_01.tif,data\dem\812_01.tif,data\pwater\812_01.tif,data\labels\812_01.tif,43.2525634765625
data\chips\VV\812_10.tif,data\chips\VH\812_10.tif,data\dem\812_10.tif,data\pwater\812_10.tif,data\labels\812_10.tif,51.90277099609375
data\chips\VV\812_11.tif,data\chips\VH\812_11.tif,data\dem\812_11.tif,data\pwater\812_11.tif,data\labels\812_11.tif,66.01409912109375
data\chips\VV\814_01.tif,data\chips\VH\814_01.tif,data\dem\814_01.tif,data\pwater\814_01.tif,data\labels\814_01.tif,99.61700439453124
data\chips\VV\814_10.tif,data\chips\VH\814_10.tif,data\dem\814_10.tif,data\pwater\814_10.tif,data\labels\814_10.tif,99.98931884765624
data\chips\VV\814_11.tif,data\chips\VH\814_11.tif,data\dem\814_11.tif,data\pwater\814_11.tif,data\labels\814_11.tif,60.54229736328125
data\chips\VV\815_00.tif,data\chips\VH\815_00.tif,data\dem\815_00.tif,data\pwater\815_00.tif,data\labels\815_00.tif,36.46240234375
data\chips\VV\815_01.tif,data\chips\VH\815_01.tif,data\dem\815_01.tif,data\pwater\815_01.tif,data\labels\815_01.tif,75.640869140625
data\chips\VV\815_10.tif,data\chips\VH\815_10.tif,data\dem\815_10.tif,data\pwater\815_10.tif,data\labels\815_10.tif,54.26025390625
data\chips\VV\815_11.tif,data\chips\VH\815_11.tif,data\dem\815_11.tif,data\pwater\815_11.tif,data\labels\815_11.tif,81.414794921875
data\chips\VV\816_01.tif,data\chips\VH\816_01.tif,data\dem\816_01.tif,data\pwater\816_01.tif,data\labels\816_01.tif,98.14605712890624
data\chips\VV\816_11.tif,data\chips\VH\816_11.tif,data\dem\816_11.tif,data\pwater\816_11.tif,data\labels\816_11.tif,77.2064208984375
data\chips\VV\817_01.tif,data\chips\VH\817_01.tif,data\dem\817_01.tif,data\pwater\817_01.tif,data\labels\817_01.tif,44.05364990234375
data\chips\VV\818_10.tif,data\chips\VH\818_10.tif,data\dem\818_10.tif,data\pwater\818_10.tif,data\labels\818_10.tif,93.27392578125
data\chips\VV\819_00.tif,data\chips\VH\819_00.tif,data\dem\819_00.tif,data\pwater\819_00.tif,data\labels\819_00.tif,38.12713623046875
data\chips\VV\819_01.tif,data\chips\VH\819_01.tif,data\dem\819_01.tif,data\pwater\819_01.tif,data\labels\819_01.tif,56.01043701171875
data\chips\VV\819_11.tif,data\chips\VH\819_11.tif,data\dem\819_11.tif,data\pwater\819_11.tif,data\labels\819_11.tif,93.14727783203124
data\chips\VV\820_00.tif,data\chips\VH\820_00.tif,data\dem\820_00.tif,data\pwater\820_00.tif,data\labels\820_00.tif,80.706787109375
data\chips\VV\820_01.tif,data\chips\VH\820_01.tif,data\dem\820_01.tif,data\pwater\820_01.tif,data\labels\820_01.tif,75.8758544921875
data\chips\VV\820_10.tif,data\chips\VH\820_10.tif,data\dem\820_10.tif,data\pwater\820_10.tif,data\labels\820_10.tif,75.00762939453125
data\chips\VV\821_00.tif,data\chips\VH\821_00.tif,data\dem\821_00.tif,data\pwater\821_00.tif,data\labels\821_00.tif,58.22601318359375
data\chips\VV\821_01.tif,data\chips\VH\821_01.tif,data\dem\821_01.tif,data\pwater\821_01.tif,data\labels\821_01.tif,37.8326416015625
data\chips\VV\822_01.tif,data\chips\VH\822_01.tif,data\dem\822_01.tif,data\pwater\822_01.tif,data\labels\822_01.tif,46.0052490234375
data\chips\VV\822_11.tif,data\chips\VH\822_11.tif,data\dem\822_11.tif,data\pwater\822_11.tif,data\labels\822_11.tif,58.7860107421875
data\chips\VV\823_01.tif,data\chips\VH\823_01.tif,data\dem\823_01.tif,data\pwater\823_01.tif,data\labels\823_01.tif,64.3218994140625
data\chips\VV\823_11.tif,data\chips\VH\823_11.tif,data\dem\823_11.tif,data\pwater\823_11.tif,data\labels\823_11.tif,46.771240234375
data\chips\VV\824_00.tif,data\chips\VH\824_00.tif,data\dem\824_00.tif,data\pwater\824_00.tif,data\labels\824_00.tif,97.0703125
data\chips\VV\824_01.tif,data\chips\VH\824_01.tif,data\dem\824_01.tif,data\pwater\824_01.tif,data\labels\824_01.tif,95.96405029296876
data\chips\VV\824_10.tif,data\chips\VH\824_10.tif,data\dem\824_10.tif,data\pwater\824_10.tif,data\labels\824_10.tif,93.060302734375
data\chips\VV\825_00.tif,data\chips\VH\825_00.tif,data\dem\825_00.tif,data\pwater\825_00.tif,data\labels\825_00.tif,74.1119384765625
data\chips\VV\825_01.tif,data\chips\VH\825_01.tif,data\dem\825_01.tif,data\pwater\825_01.tif,data\labels\825_01.tif,73.0438232421875
data\chips\VV\825_10.tif,data\chips\VH\825_10.tif,data\dem\825_10.tif,data\pwater\825_10.tif,data\labels\825_10.tif,92.41943359375
data\chips\VV\825_11.tif,data\chips\VH\825_11.tif,data\dem\825_11.tif,data\pwater\825_11.tif,data\labels\825_11.tif,96.51947021484376
data\chips\VV\826_11.tif,data\chips\VH\826_11.tif,data\dem\826_11.tif,data\pwater\826_11.tif,data\labels\826_11.tif,41.58172607421875
data\chips\VV\827_00.tif,data\chips\VH\827_00.tif,data\dem\827_00.tif,data\pwater\827_00.tif,data\labels\827_00.tif,48.4588623046875
data\chips\VV\827_01.tif,data\chips\VH\827_01.tif,data\dem\827_01.tif,data\pwater\827_01.tif,data\labels\827_01.tif,61.15875244140625
data\chips\VV\827_10.tif,data\chips\VH\827_10.tif,data\dem\827_10.tif,data\pwater\827_10.tif,data\labels\827_10.tif,69.464111328125
data\chips\VV\827_11.tif,data\chips\VH\827_11.tif,data\dem\827_11.tif,data\pwater\827_11.tif,data\labels\827_11.tif,45.52459716796875
data\chips\VV\828_00.tif,data\chips\VH\828_00.tif,data\dem\828_00.tif,data\pwater\828_00.tif,data\labels\828_00.tif,98.7640380859375
data\chips\VV\828_01.tif,data\chips\VH\828_01.tif,data\dem\828_01.tif,data\pwater\828_01.tif,data\labels\828_01.tif,97.54180908203124
data\chips\VV\828_10.tif,data\chips\VH\828_10.tif,data\dem\828_10.tif,data\pwater\828_10.tif,data\labels\828_10.tif,98.62213134765624
data\chips\VV\828_11.tif,data\chips\VH\828_11.tif,data\dem\828_11.tif,data\pwater\828_11.tif,data\labels\828_11.tif,99.51934814453124
data\chips\VV\829_00.tif,data\chips\VH\829_00.tif,data\dem\829_00.tif,data\pwater\829_00.tif,data\labels\829_00.tif,91.1468505859375
data\chips\VV\829_01.tif,data\chips\VH\829_01.tif,data\dem\829_01.tif,data\pwater\829_01.tif,data\labels\829_01.tif,95.11260986328124
data\chips\VV\829_10.tif,data\chips\VH\829_10.tif,data\dem\829_10.tif,data\pwater\829_10.tif,data\labels\829_10.tif,83.71734619140625
data\chips\VV\829_11.tif,data\chips\VH\829_11.tif,data\dem\829_11.tif,data\pwater\829_11.tif,data\labels\829_11.tif,74.23095703125
data\chips\VV\830_00.tif,data\chips\VH\830_00.tif,data\dem\830_00.tif,data\pwater\830_00.tif,data\labels\830_00.tif,99.98016357421876
data\chips\VV\830_01.tif,data\chips\VH\830_01.tif,data\dem\830_01.tif,data\pwater\830_01.tif,data\labels\830_01.tif,92.95196533203124
data\chips\VV\830_11.tif,data\chips\VH\830_11.tif,data\dem\830_11.tif,data\pwater\830_11.tif,data\labels\830_11.tif,99.99847412109376
data\chips\VV\831_00.tif,data\chips\VH\831_00.tif,data\dem\831_00.tif,data\pwater\831_00.tif,data\labels\831_00.tif,95.91827392578124
data\chips\VV\831_01.tif,data\chips\VH\831_01.tif,data\dem\831_01.tif,data\pwater\831_01.tif,data\labels\831_01.tif,94.81658935546876
data\chips\VV\831_10.tif,data\chips\VH\831_10.tif,data\dem\831_10.tif,data\pwater\831_10.tif,data\labels\831_10.tif,39.251708984375
data\chips\VV\831_11.tif,data\chips\VH\831_11.tif,data\dem\831_11.tif,data\pwater\831_11.tif,data\labels\831_11.tif,39.81475830078125
data\chips\VV\832_00.tif,data\chips\VH\832_00.tif,data\dem\832_00.tif,data\pwater\832_00.tif,data\labels\832_00.tif,86.083984375
data\chips\VV\832_01.tif,data\chips\VH\832_01.tif,data\dem\832_01.tif,data\pwater\832_01.tif,data\labels\832_01.tif,38.03863525390625
data\chips\VV\832_11.tif,data\chips\VH\832_11.tif,data\dem\832_11.tif,data\pwater\832_11.tif,data\labels\832_11.tif,75.311279296875
data\chips\VV\833_00.tif,data\chips\VH\833_00.tif,data\dem\833_00.tif,data\pwater\833_00.tif,data\labels\833_00.tif,74.19586181640625
data\chips\VV\833_01.tif,data\chips\VH\833_01.tif,data\dem\833_01.tif,data\pwater\833_01.tif,data\labels\833_01.tif,80.255126953125
data\chips\VV\857_11.tif,data\chips\VH\857_11.tif,data\dem\857_11.tif,data\pwater\857_11.tif,data\labels\857_11.tif,39.16473388671875
data\chips\VV\867_10.tif,data\chips\VH\867_10.tif,data\dem\867_10.tif,data\pwater\867_10.tif,data\labels\867_10.tif,50.75531005859375
data\chips\VV\867_11.tif,data\chips\VH\867_11.tif,data\dem\867_11.tif,data\pwater\867_11.tif,data\labels\867_11.tif,46.70562744140625
